event_id,event_name,event_url,local_date,local_time,utc_datetime,timezone,status,segment,genre,subgenre,artists,venue_name,venue_id,address,city,state,state_code,postal_code,country_code,latitude,longitude,min_price,max_price,currency,image_url
rZ7HnEZ1AfjyZd,"Day Out With Thomas (TM), Thomas & Friends",https://www.ticketweb.com/event/day-out-with-thomas-tm-crossroads-village-huckleberry-railroad-tickets/14739003,2026-08-22,14:00:00,2026-08-22T18:00:00Z,America/New_York,offsale,Music,Pop,Pop,Day Out with Thomas; Thomas &  Friends,Crossroads Village & Huckleberry Railroad,rZ7HnEZadfG,6140 Bray Road,Flint,Michigan,MI,48505,US,43.093451354074,-83.651224941324,23.85,27.85,USD,https://s1.ticketm.net/dam/a/144/e3235c11-e05f-4254-8712-6d53ee093144_SOURCE
rZ7HnEZ1Afjz-K,"Day Out With Thomas (TM), Thomas & Friends",https://www.ticketweb.com/event/day-out-with-thomas-tm-crossroads-village-huckleberry-railroad-tickets/14738853,2026-08-22,12:00:00,2026-08-22T16:00:00Z,America/New_York,offsale,Music,Pop,Pop,Day Out with Thomas; Thomas &  Friends,Crossroads Village & Huckleberry Railroad,rZ7HnEZadfG,6140 Bray Road,Flint,Michigan,MI,48505,US,43.093451354074,-83.651224941324,23.85,27.85,USD,https://s1.ticketm.net/dam/a/144/e3235c11-e05f-4254-8712-6d53ee093144_SOURCE
rZ7HnEZ1Afjz-S,"Day Out With Thomas (TM), Thomas & Friends",https://www.ticketweb.com/event/day-out-with-thomas-tm-crossroads-village-huckleberry-railroad-tickets/14738873,2026-08-22,10:00:00,2026-08-22T14:00:00Z,America/New_York,offsale,Music,Pop,Pop,Day Out with Thomas; Thomas &  Friends,Crossroads Village & Huckleberry Railroad,rZ7HnEZadfG,6140 Bray Road,Flint,Michigan,MI,48505,US,43.093451354074,-83.651224941324,23.85,27.85,USD,https://s1.ticketm.net/dam/a/144/e3235c11-e05f-4254-8712-6d53ee093144_SOURCE
rZ7HnEZ1AfjzJK,"Day Out With Thomas (TM), Thomas & Friends",https://www.ticketweb.com/event/day-out-with-thomas-tm-crossroads-village-huckleberry-railroad-tickets/14738993,2026-08-22,15:00:00,2026-08-22T19:00:00Z,America/New_York,offsale,Music,Pop,Pop,Day Out with Thomas; Thomas &  Friends,Crossroads Village & Huckleberry Railroad,rZ7HnEZadfG,6140 Bray Road,Flint,Michigan,MI,48505,US,43.093451354074,-83.651224941324,23.85,27.85,USD,https://s1.ticketm.net/dam/a/144/e3235c11-e05f-4254-8712-6d53ee093144_SOURCE
rZ7HnEZ1AfjzPK,"Day Out With Thomas (TM), Thomas & Friends",https://www.ticketweb.com/event/day-out-with-thomas-tm-crossroads-village-huckleberry-railroad-tickets/14738953,2026-08-22,13:00:00,2026-08-22T17:00:00Z,America/New_York,offsale,Music,Pop,Pop,Day Out with Thomas; Thomas &  Friends,Crossroads Village & Huckleberry Railroad,rZ7HnEZadfG,6140 Bray Road,Flint,Michigan,MI,48505,US,43.093451354074,-83.651224941324,23.85,27.85,USD,https://s1.ticketm.net/dam/a/144/e3235c11-e05f-4254-8712-6d53ee093144_SOURCE
rZ7HnEZ1AfjzxK,"Day Out With Thomas (TM), Thomas & Friends",https://www.ticketweb.com/event/day-out-with-thomas-tm-crossroads-village-huckleberry-railroad-tickets/14738893,2026-08-22,11:00:00,2026-08-22T15:00:00Z,America/New_York,offsale,Music,Pop,Pop,Day Out with Thomas; Thomas &  Friends,Crossroads Village & Huckleberry Railroad,rZ7HnEZadfG,6140 Bray Road,Flint,Michigan,MI,48505,US,43.093451354074,-83.651224941324,23.85,27.85,USD,https://s1.ticketm.net/dam/a/144/e3235c11-e05f-4254-8712-6d53ee093144_SOURCE
17u8v0G6ur4ptiu,Sandringham Heritage Live Festival - 5 Day Ticket,https://www.ticketmaster.co.uk/sandringham-heritage-live-festival-5-day-norfolk-19-08-2026/event/350064D7955A9B0D,2026-08-19,,,Europe/London,cancelled,Music,Other,Other,Heritage Live; Janet Jackson; Lionel Richie; Christina Aguilera; Ricky Martin; Eric Clapton,Sandringham Estate,KovZ9177NaV,SANDRINGHAM,Norfolk,,,PE35 6EN,GB,52.82342000,0.49909000,,,,https://s1.ticketm.net/dam/a/fc6/f10bbc42-dd37-4623-a555-921f0afeafc6_SOURCE
vvG1HZ_dQMntxv,Goose Summer 2026 - 2-Day Package,https://www.ticketmaster.com/goose-summer-2026-2day-package-bend-oregon-08-21-2026/event/0F006436B7AA9881,2026-08-21,,,America/Los_Angeles,offsale,Music,Rock,Alternative Rock,Goose; Greensky Bluegrass; Buffalo Traffic Jam,Hayden Homes Amphitheater,KovZpZA1vlIA,344 SW Shevlin-Hixon Drive,Bend,Oregon,OR,97702,US,44.04832800,-121.32152700,,,,https://s1.ticketm.net/dam/a/ff9/230bc504-e335-44b6-9d57-24509c477ff9_TABLET_LANDSCAPE_LARGE_16_9.jpg
G5vVZ_ulUZXYg,Pretty Lights 3 Day Pass,https://www.ticketmaster.com/pretty-lights-3-day-pass-port-chester-new-york-08-21-2026/event/1D0064DAF603EC35,2026-08-21,,,America/New_York,onsale,Music,Pop,Electro Pop,Pretty Lights,The Capitol Theatre,KovZ917Ax6H,149 Westchester Ave,Port Chester,New York,NY,10573,US,41.00134610,-73.66544880,,,,https://s1.ticketm.net/dam/a/01a/fc901fa2-5616-4404-92f3-39fa774fb01a_SOURCE
1AbZkG0GkeyCAzu,The Weeknd: After Hours Til Dawn Tour,https://www.ticketmaster.ie/the-weeknd-after-hours-til-dawn-dublin-22-08-2026/event/18006324B9385E0D,2026-08-22,17:00:00,2026-08-22T16:00:00Z,Europe/London,offsale,Music,Hip-Hop/Rap,Trap,The Weeknd; Playboi Carti,Croke Park,KovZ9177XKV,James Avenue,Dublin,,,3,IE,53.36086568,-6.25101015,,,,https://s1.ticketm.net/dam/a/966/779d1731-4094-4a97-bc16-1341dcb41966_SOURCE
1AsZkuSGkempIQQ,Vans Warped Tour Montréal - 2-jours,https://www.ticketmaster.ca/vans-warped-tour-montreal-2jours-montreal-quebec-08-21-2026/event/31006373AE5A869A,2026-08-21,,,America/Toronto,offsale,Music,Undefined,Undefined,"Vans Warped Tour; A Day To Remember; Acceptance; Agnostic Front; All Time Low; Angel Du$t; Atreyu; Bad Cop Bad Cop; Bearings; Béton Armé; Big Ass Truck; Bigwig; Boston Manor; Bowling for Soup; Cartel; Chase Petra; Chiodos; Comeback Kid; Counterparts; Cross Check; Desecrate; Despised Icon; Drug Church; Escape the Fate; Fair Warning - The Van Halen Experience; Flogging Molly; Four Year Strong; Gob; Good Riddance; Good Sleepy; Hawthorne Heights; Ice Nine Kills; illScarlett; Initiate; Jimmy Eat World; Joyce Manor; Jutes; K-Man and the 45's; letlive; LØLØ; Mad Caddies; Madball; Mayday Parade; Microwave; MxPx; nothing,nowhere.; Of Mice and Men; Origami Angel; Oxymorrons; Peer Pressure; Pennywise; Silverstein; Simple Plan; Sleep Theory; Spike and the Gimme Gimmes; Spite House; Strung Out; Sublime; SUCKERPUNCH; Sudden Waves; Sunami; Taking Back Sunday; The Anti-Queens; The Ataris; The Devil Wears Prada; The Menzingers; The Paradox; The Planet Smashers; The Red Jumpsuit Apparatus; THRICE; Thursday; Yellowcard",Parc Jean Drapeau,KovZpZAa6elA,296 Chemin du Tour de l'isle,Montreal,Quebec,QC,H3C 1A9,CA,45.50642600,-73.52600100,,,,https://s1.ticketm.net/dam/a/4d3/5eec03d8-6acc-477f-8b1d-28c5939274d3_SOURCE
LvZ18Q5ihNrSsX8ZNTR1D,Breakaway Mass 2026,https://www.universe.com/events/breakaway-mass-2026-tickets-3VLQGP?ref=ticketmaster,2026-08-21,16:00:00,2026-08-21T20:00:00Z,America/New_York,onsale,Music,Dance/Electronic,Club Dance,Devault; Effin; Gardella; HILLS; GRYFFIN; INZO; it's murph; Jkyl X Hyde; Know Good; Laszewo; Mojave Grey; No Thanks; OMNOM; Steller; Tsu Nami; Wax Motif; YDG; Crankdat; Excision; Sullivan King; Zedd; Breakaway Music Festival,Palladium Outdoors,KovZpZA6klaA,30 Exchange Street,Worcester,Massachusetts,MA,01608,US,,,,,,https://s1.ticketm.net/dam/a/b5b/c5b756b8-3f1d-47a0-bcf0-02200406bb5b_SOURCE
vv177Z_dGkRMI9g_,CANN PRESENTS: YACHT ROCK REVUE - PRIMETIME - 2 Day Pass,https://www.ticketmaster.com/cann-presents-yacht-rock-revue-primetime-boston-massachusetts-08-21-2026/event/0100643BF7A17D59,2026-08-21,,,America/New_York,onsale,Music,Rock,Pop,Yacht Rock Revue,Leader Bank Pavilion,KovZpZAEAdEA,290 Northern Ave,Boston,Massachusetts,MA,02210,US,42.34851323,-71.03587836,,,,https://s1.ticketm.net/dam/a/fb2/66303d90-c29c-4deb-bb46-d7a929f5bfb2_TABLET_LANDSCAPE_LARGE_16_9.jpg
rZ7HnEZ1AfFe8f,"AUSTIN CARLILE (Formerly Of OF MICE & MEN), Thuggernaut, No Future, No Kings, Peekay, VVitch, Deadbeat Nightlife, Death is a Virtue",https://www.ticketweb.com/event/austin-carlile-formerly-of-of-whisky-a-go-go-tickets/14202414,2026-08-21,18:00:00,2026-08-22T01:00:00Z,America/Los_Angeles,offsale,Music,Rock,,,Whisky A Go Go,rZ7HnEZ17FaQ4,8901 W Sunset Boulevard,West Hollywood,California,CA,90069,US,34.090897,-118.385693,33.45,723.55,USD,https://s1.ticketm.net/dam/c/fbc/b293c0ad-c904-4215-bc59-8d7f2414dfbc_106141_TABLET_LANDSCAPE_LARGE_16_9.jpg
rZ7HnEZ1AfbM4N,"BACKSTAGE NASHVILLE! DAYTIME HIT SONGWRITERS SHOW featuring Mark Nesler ,  Ira Dean ,  Johnny Clawson &  Ray Stephenson",https://www.ticketweb.com/event/backstage-nashville-daytime-hit-songwriters-3rd-and-lindsley-tickets/14637563,2026-08-22,12:30:00,2026-08-22T17:30:00Z,America/Chicago,offsale,Music,Country,Country,Ira Dean; Ray Stephenson,3rd and Lindsley,rZ7HnEZadyf,818 3rd Ave. S,Nashville,Tennessee,TN,37210,US,36.152076,-86.770085,32.45,32.45,USD,https://s1.ticketm.net/dam/c/677/c58dd0af-cda8-49b2-bdaf-068540c3a677_106541_TABLET_LANDSCAPE_LARGE_16_9.jpg
Z698xZbpZ1kANoEr9,Spoorpark LIVE: Anouk + Clouseau,https://www.ticketmaster.nl/event/spoorpark-live-anouk--clouseau-tickets/163467797?language=en-us,2026-06-27,15:00:00,2026-06-27T13:00:00Z,Europe/Amsterdam,cancelled,Music,Rock,Pop,Anouk; Spoorpark Live; Clouseau; Bente; Jett Rebel; De Nachtwacht,Spoorpark LIVE,Z598xZbpZkA6e,Spoorpark 1,Tilburg,,,5038LS,NL,51.56166,5.0707,,,,https://s1.ticketm.net/dam/a/eb5/bb2c3eb0-5559-4f40-b3e4-a2c9543e9eb5_SOURCE
rZ7HnEZ1AfJbZd,"Rong, Wellness,  lonelyisaneyesore , The Body Keeps The Score ",https://www.ticketweb.com/event/rong-wellness-lonelyisaneyesore-middle-east-upstairs-tickets/14998003,2026-08-22,12:00:00,2026-08-22T16:00:00Z,America/New_York,offsale,Music,Rock,Experimental Rock,,Middle East - Upstairs,rZ7HnEZa7LQ,472 Massachusetts Ave,Cambridge,Massachusetts,MA,02139,US,42.36422,-71.10133,22.64,22.64,USD,https://s1.ticketm.net/dam/c/fbc/b293c0ad-c904-4215-bc59-8d7f2414dfbc_106141_TABLET_LANDSCAPE_LARGE_16_9.jpg
1Ad0ZbYGkDbfd1v,Wayne Newton | Official Caesars Ticket + Hotel Packages,https://travel.ticketmaster.com/attraction/167?_uid=2d1a81bc-09c6-45ae-ba80-43c6cfcac5ca&utm_source=Caesars_TM&utm_medium=Wayne_Newton_ADP,2026-08-18,19:00:00,2026-08-19T02:00:00Z,America/Los_Angeles,onsale,Music,Pop,Adult Contemporary,Wayne Newton,Bugsy's Cabaret at Flamingo,KovZpaF2Qe,3555 Las Vegas Blvd,Las Vegas,Nevada,NV,89109,US,36.11726269,-115.17272405,,,,https://s1.ticketm.net/dam/a/4df/204c2bb1-567a-446d-bffa-630ddaf064df_SOURCE
rZ7HnEZ1Af0ZqS,West End Motel//WOORMS//Abusements,https://www.ticketweb.com/event/west-end-motelwoormsabusements-gasa-gasa-tickets/14900773,2026-08-21,21:00:00,2026-08-22T02:00:00Z,America/Chicago,offsale,Music,Alternative,Alternative Rock,West End Motel,Gasa Gasa,rZ7HnEZ17aKef,4920 Freret St,New Orleans,Louisiana,LA,70115,US,29.937978,-90.107145,12.05,12.05,USD,https://s1.ticketm.net/dam/c/fbc/b293c0ad-c904-4215-bc59-8d7f2414dfbc_106141_TABLET_LANDSCAPE_LARGE_16_9.jpg
rZ7HnEZ1Afv8Z0,Duke Tumatoe and The Power Trio/Sheryl Youngblood Blues Band,https://www.ticketweb.com/event/duke-tumatoe-and-the-power-kingston-mines-chicago-tickets/14050024,2026-08-21,19:00:00,2026-08-22T00:00:00Z,America/Chicago,offsale,Music,Blues,Blues,,Kingston Mines - Chicago Blues Center,rZ7HnEZa7JQ,2548 North Halsted,Chicago,Illinois,IL,60614,US,41.929086,-87.648951,23.0,23.0,USD,https://s1.ticketm.net/dam/c/7be/4e1e9428-29ec-401f-aa45-f1577614b7be_105421_TABLET_LANDSCAPE_LARGE_16_9.jpg
vvG10Z_G6dw5z0,Lil Rob & Friends,https://www.ticketmaster.com/lil-rob-friends-los-angeles-california-07-10-2026/event/090064C1C3C8BE24,2026-07-10,21:00:00,2026-07-11T04:00:00Z,America/Los_Angeles,cancelled,Music,Hip-Hop/Rap,Trap,Lil Rob; Mellow Man Ace,The Regent Theater,KovZpZAJ6daA,448 S. Main St.,Los Angeles,California,CA,90013,US,34.04730000,-118.24799000,,,,https://s1.ticketm.net/dam/a/a9f/31d70053-9b83-44bd-b181-7790c0e6ea9f_1037531_TABLET_LANDSCAPE_LARGE_16_9.jpg
vvG1FZ_G2O3EnK,Bee Gees Gold,https://www.ticketmaster.com/bee-gees-gold-atlantic-city-new-jersey-08-22-2026/event/020064C3E04A7A93,2026-08-22,15:00:00,2026-08-22T19:00:00Z,America/New_York,offsale,Music,Undefined,Undefined,Bee Gees Gold,Sound Waves at Hard Rock Hotel & Casino Atlantic City,KovZ917Ah9F,1000 Boardwalk,Atlantic City,New Jersey,NJ,08401,US,39.359944,-74.420138,,,,https://s1.ticketm.net/dam/a/f6a/327cfed8-5089-4375-9c8d-71b431c33f6a_SOURCE
rZ7HnEZ1A4v7Jd,VIERNES Y MUJERES GRATIS TODA LA NOCHE!,https://www.ticketweb.com/event/viernes-y-mujeres-gratis-toda-stampede-tickets/15044983,2026-08-21,21:30:00,2026-08-22T03:30:00Z,America/Denver,offsale,Music,World,Mexican Ranchera,,Stampede,rZ7HnEZ173p1A,2430 South Havana,Aurora,Colorado,CO,80014,US,39.672363,-104.865271,2.0,27.98,USD,https://s1.ticketm.net/dam/c/548/5fefbd1c-973b-4b0e-9b2e-d78e4ce37548_106111_TABLET_LANDSCAPE_LARGE_16_9.jpg
177Zv0G658X9fcf,Classic Albums Live - 3 DAY TICKET,https://www.ticketmaster.ca/classic-albums-live-3-day-ticket-bala-ontario-07-17-2026/event/100064B43E5D4B54,2026-07-17,,,America/New_York,cancelled,Music,Rock,Pop,Classic Albums Live,The KEE to Bala,KovZpauuUe,1015 Bala Falls Rd.,Bala,Ontario,ON,P0C 1A0,CA,45.01151950,-79.61384660,,,,https://s1.ticketm.net/dam/a/318/b6014ae7-3038-41c0-acc8-888dd03f0318_SOURCE
G5vHZbUD7CFVz,Rock N Roll Circus - The Kooks,https://www.ticketmaster.co.uk/rock-n-roll-circus-the-kooks-norwich-22-08-2026/event/1F00636EC4388D38,2026-08-22,13:00:00,2026-08-22T12:00:00Z,Europe/London,offsale,Music,Rock,Pop,Rock N Roll Circus; The Kooks; The Vaccines; The Fratellis; Milburn; The Clause; Cruz Beckham and The Breakers; The Kairos; Tom A Smith; Fletchr Fletchr; Leazes,Earlham Park,KovZpZAnJ7eA,Norwich,Norwich,,,NR4 7TQ,GB,52.62566810,1.23785150,,,,https://s1.ticketm.net/dam/a/13b/0b384128-905f-4845-994a-7a879941313b_TABLET_LANDSCAPE_LARGE_16_9.jpg
G5vYZ_2vzqgkf,Bang the Bay Presents: Feel the Sounds,https://www.ticketmaster.com/bang-the-bay-presents-feel-the-orinda-california-08-22-2026/event/1C0064F078775194,2026-08-22,12:00:00,2026-08-22T19:00:00Z,America/Los_Angeles,offsale,Music,Rock,Pop,,Siesta Valley Bowl,KovZ917AVph,100 California Shakespeare Theater Way,Orinda,California,CA,94563,US,37.87035000,-122.20353000,,,,https://s1.ticketm.net/dam/e/9f6/d6b1fac1-9893-4989-a29e-c0e7a92ae9f6_TABLET_LANDSCAPE_LARGE_16_9.jpg
1AgZkCvGkeDz6-X,Hollywood Vampires,https://www.ticketmaster.co.uk/hollywood-vampires-halifax-22-08-2026/event/35006381BBE0787E,2026-08-22,18:00:00,2026-08-22T17:00:00Z,Europe/London,offsale,Music,Rock,Pop,Hollywood Vampires; Live at the Piece Hall; The Damned,The Piece Hall,KovZ9177LTf,Blackledge,Halifax,,,HX1 1RE,GB,53.72143200,-1.85657000,,,,https://s1.ticketm.net/dam/a/90e/c8309be9-7f04-4c12-b41e-50d97afd690e_SOURCE
1AUZkuVGkeybEyJ,Edinburgh Summer Sessions - Heather on the Hill,https://www.ticketmaster.co.uk/edinburgh-summer-sessions-heather-on-the-edinburgh-22-08-2026/event/36006374B9627E66,2026-08-22,12:00:00,2026-08-22T11:00:00Z,Europe/London,offsale,Music,Rock,Pop,Edinburgh Summer Sessions; Nathan Evans & The Saint PHNX Band; Cian Ducrot; Brooke Combe; Nati Dreddd; Cammy Barnes; Rose Betts,Royal Highland Showgrounds,KovZ9177wq7,Ingliston,Edinburgh,,,EH28 8NB,GB,55.94195200,-3.37116000,,,,https://s1.ticketm.net/dam/a/edc/12ae8b38-50db-43ae-a052-d3328eef9edc_SOURCE
1AdOZbVGkT1fxkB,Stiff Little Fingers,https://www.ticketmaster.ie/stiff-little-fingers-belfast-22-08-2026/event/3800634FCA5221BA,2026-08-22,18:00:00,2026-08-22T17:00:00Z,Europe/London,offsale,Music,Rock,Pop,Stiff Little Fingers; CHSq,Custom House Square Belfast,KovZ917A7e7,Belfast,Belfast,,,BT1 3ET,GB,54.60185975,-5.92320800,,,,https://s1.ticketm.net/dam/a/626/0ba9b470-13ee-41f8-b4a9-121113d74626_TABLET_LANDSCAPE_LARGE_16_9.jpg
LvZ18QpUpax9arYZvaPqQ,Punk Rock Brunch | 90’s & Y2K Anthems,https://www.universe.com/events/punk-rock-brunch-90-s-y2k-anthems-tickets-VHXTN7?ref=ticketmaster,2026-08-22,10:00:00,2026-08-22T17:00:00Z,America/Los_Angeles,offsale,Music,Rock,Pop,Punk Rock Brunch: Hits from the 90’s & Y2K,Rio Las Vegas,KovZpZAJal6A,3700 W Flamingo RD,Las Vegas,Nevada,NV,89103,US,36.11698951,-115.18647575,,,,https://s1.ticketm.net/dam/a/f3e/fe1643ec-cbbb-4ce6-89d0-73c5468c7f3e_SOURCE
Z698xZbpZ16vjeGgaO,When Chai Met Toast,https://www.ticketmaster.nl/event/when-chai-met-toast-tickets/1702335260?language=en-us,2026-08-22,19:30:00,2026-08-22T17:30:00Z,Europe/Amsterdam,onsale,Music,Rock,Pop,When Chai Met Toast,Melkweg,Z598xZbpZd6ak,Lijnbaansgracht 234 A,Amsterdam,,,1017 PH,NL,52.36483,4.88127,,,,https://s1.ticketm.net/dam/a/2d2/a7f8278a-b9dd-472f-b60c-92008b8b92d2_SOURCE
G5dzZ_6lnSMkp,The Selecter,https://www.ticketmaster.co.uk/the-selecter-oxford-22-08-2026/event/3E00647AEACF7196,2026-08-22,19:00:00,2026-08-22T18:00:00Z,Europe/London,offsale,Music,Rock,Pop,The Selecter,O2 Academy2 Oxford,KovZ9177aD7,190 Cowley Road,Oxford,,,OX4 1UE,GB,51.74706760,-1.23511660,,,,https://s1.ticketm.net/dam/a/535/5b7ea7fa-892e-4bbb-a8db-af2e6f3e1535_SOURCE
G5vHZbz2nrbsl,Trentham Live 2026 - 4 Day Festival Pass,https://www.ticketmaster.co.uk/trentham-live-2026-4-day-festival-staffordshire-20-08-2026/event/1F006383EA798C6B,2026-08-20,,,Europe/London,onsale,Music,Rock,Pop,Trentham Live; Five; The Wanted 2.0; The Coral; The Human League,The Trentham Estate,KovZpZAn1kFA,"Stone Road, Trentham",Staffordshire,,,ST4 8JG,GB,52.96478600,-2.20279600,,,,https://s1.ticketm.net/dam/a/928/2250a6d9-02b2-4cef-8a8f-c723720fa928_SOURCE
LvZ18Q_sL_l330ZZy7eYE,THE FLATLINERS + SPECIAL GUESTS A WILHELM SCREAM,https://www.universe.com/events/the-flatliners-special-guests-a-wilhelm-scream-tickets-4HYTKR?ref=ticketmaster,2026-08-22,19:00:00,2026-08-22T18:00:00Z,Europe/London,offsale,Music,Rock,Pop,The Flatliners; A Wilhelm Scream,The Garage,KovZ9177Akf,20-22 Highbury Corner,London,,,N5 1RD,GB,51.54670800,-0.10385500,,,,https://s1.ticketm.net/dam/a/950/255ff022-cd8b-4665-8e99-37719330d950_459361_TABLET_LANDSCAPE_LARGE_16_9.jpg
LvZ18QbdtMTDuf8ZyBZZ7,Fac51 The Haçienda at Wollaton Hall,https://www.universe.com/events/fac51-the-hacienda-at-wollaton-hall-tickets-LSYZD2?ref=ticketmaster,2026-08-22,13:00:00,2026-08-22T12:00:00Z,Europe/London,offsale,Music,Rock,Pop,The Hacienda; Fac51 Hacienda Warehouse Party; Faithless; Roger Sanchez; Todd Terry; Graeme Park; Marshall Jefferson; Erol Alkan; DJ Paulette,Wollaton Park,KovZ9177kh7,Wollaton,Nottingham,,,NG8 2AE,GB,52.94778200,-1.21096000,,,,https://s1.ticketm.net/dam/c/fbc/b293c0ad-c904-4215-bc59-8d7f2414dfbc_106141_TABLET_LANDSCAPE_LARGE_16_9.jpg
LvZ18QxZvNggVpZZ0e-JR,DETROIT SOUL COLLECTIVE Sat 22 August 2026 The Jam House Birmingham,https://www.universe.com/events/detroit-soul-collective-sat-22-august-2026-the-jam-house-birmingham-tickets-F50DM1?ref=ticketmaster,2026-08-22,18:00:00,2026-08-22T17:00:00Z,Europe/London,onsale,Music,Pop,Pop,Live music,The Jam House Birmingham,KovZpZAnJI6A,3-5 St Pauls Square,Birmingham,,,B3 1QU,GB,52.48509613,-1.90438600,,,,https://s1.ticketm.net/dam/c/4f2/0109888a-61b5-4525-8432-b026ef04f4f2_105631_TABLET_LANDSCAPE_LARGE_16_9.jpg
1AUZkudGkd-zc-z,Rewind South 2026 - Whopper Campervan/Caravan Tickets,https://www.ticketmaster.co.uk/rewind-south-2026-whopper-campervancaravan-tickets-henleyonthames-21-08-2026/event/36006343E1E2D878,2026-08-21,,,Europe/London,onsale,Music,Rock,Pop,Rewind Festival,Temple Island Meadows,KovZ9177Sa0,Remenham Church Lane,Henley-On-Thames,,,RG9 3DB,GB,51.54484400,-0.88657100,,,,https://s1.ticketm.net/dam/a/5ea/66562ed9-1086-4444-b3cd-5f948025f5ea_SOURCE
1AUZkudGkd9rizq,Rewind South 2026 - Standard Campervan/Caravan Tickets,https://www.ticketmaster.co.uk/rewind-south-2026-standard-campervancaravan-tickets-henleyonthames-21-08-2026/event/36006343D77ACE1D,2026-08-21,,,Europe/London,onsale,Music,Rock,Pop,Rewind Festival,Temple Island Meadows,KovZ9177Sa0,Remenham Church Lane,Henley-On-Thames,,,RG9 3DB,GB,51.54484400,-0.88657100,,,,https://s1.ticketm.net/dam/a/5ea/66562ed9-1086-4444-b3cd-5f948025f5ea_SOURCE
1AUZkudGkesfn8n,Rewind South 2026 - Power Hook-Up For Caravans & Campervans,https://www.ticketmaster.co.uk/rewind-south-2026-power-hookup-for-henleyonthames-21-08-2026/event/36006343B152A42A,2026-08-21,,,Europe/London,onsale,Music,Rock,Pop,Rewind Festival,Temple Island Meadows,KovZ9177Sa0,Remenham Church Lane,Henley-On-Thames,,,RG9 3DB,GB,51.54484400,-0.88657100,,,,https://s1.ticketm.net/dam/a/5ea/66562ed9-1086-4444-b3cd-5f948025f5ea_SOURCE
G5vHZbM5UPyh_,Trentham Live 2026 - Saturday - Five,https://www.ticketmaster.co.uk/trentham-live-2026-saturday-five-staffordshire-22-08-2026/event/1F006372F69796D9,2026-08-22,16:00:00,2026-08-22T15:00:00Z,Europe/London,offsale,Music,Rock,Pop,Trentham Live; Five; The Wanted 2.0; Absnt Mind,The Trentham Estate,KovZpZAn1kFA,"Stone Road, Trentham",Staffordshire,,,ST4 8JG,GB,52.96478600,-2.20279600,,,,https://s1.ticketm.net/dam/a/928/2250a6d9-02b2-4cef-8a8f-c723720fa928_SOURCE
LvZ18QE3w6WelV4fiGZhl,Freya Beer,https://www.universe.com/events/freya-beer-tickets-2D7N9S?ref=ticketmaster,2026-08-22,20:00:00,2026-08-22T19:00:00Z,Europe/London,offsale,Music,Rock,Pop,Freya Beer,The Castle,KovZ9177Ou0,1 Castle St,Luton,,,LU13AA,GB,51.87840400,-0.41466100,,,,https://s1.ticketm.net/dam/c/fbc/b293c0ad-c904-4215-bc59-8d7f2414dfbc_106141_TABLET_LANDSCAPE_LARGE_16_9.jpg
LvZ18QOFQqiFSU8Z02DT7,King Tut's Summer Nights Presents: Eyes of Home,https://www.universe.com/events/king-tuts-summer-nights-presents-eyes-of-home-tickets-JNHD6F?ref=ticketmaster,2026-08-22,19:30:00,2026-08-22T18:30:00Z,Europe/London,offsale,Music,Rock,Pop,King Tuts Summer Nights; Katanes; Eyes of Home; Landslide; Cherry Red,King Tuts Wah Wah Hut,KovZ9177YV0,272a ST Vincent Street,Glasgow,,,G2 5RL,GB,55.86263700,-4.26503700,,,,https://s1.ticketm.net/dam/c/fbc/b293c0ad-c904-4215-bc59-8d7f2414dfbc_106141_TABLET_LANDSCAPE_LARGE_16_9.jpg
LvZ18QbczpSxMvYZliX6w,Hacktivist,https://www.universe.com/events/hacktivist-tickets-08B7LR?ref=ticketmaster,2026-08-22,19:30:00,2026-08-22T18:30:00Z,Europe/London,offsale,Music,Rock,Pop,Hacktivist,Cluny 2,KovZ9177_5V,34 Lime Street,"Newcastle upon Tyne, NE1 2PQ",,,NE1 2PQ,GB,54.97493300,-1.59238000,,,,https://s1.ticketm.net/dam/a/2f0/acaa6132-0feb-4765-ab27-5b23598c22f0_188161_TABLET_LANDSCAPE_LARGE_16_9.jpg
LvZ18QjaJF_a67ZvOgQyp,Led Into Zeppelin,https://www.universe.com/events/led-into-zeppelin-tickets-NYL4KX?ref=ticketmaster,2026-08-22,19:30:00,2026-08-22T18:30:00Z,Europe/London,offsale,Music,Rock,Rock,Led Into Zeppelin,The Cluny,KovZ9177A2V,36 Lime Street,Newcastle Upon Tyne,,,NE1 2PQ,GB,54.97493300,-1.59238000,,,,https://s1.ticketm.net/dam/c/fbc/b293c0ad-c904-4215-bc59-8d7f2414dfbc_106141_TABLET_LANDSCAPE_LARGE_16_9.jpg
LvZ18QouqkmHTxZZ0lM2L,The Jam'd,https://www.universe.com/events/the-jamd-tickets-0RK93P?ref=ticketmaster,2026-08-22,19:30:00,2026-08-22T18:30:00Z,Europe/London,offsale,Music,Rock,Pop,The Jamd,The Boxmoor Playhouse,KovZ9177J1f,72 St John's Road,Hemel Hempstead,,,HP11NP,GB,51.74540380,-0.56263540,,,,https://s1.ticketm.net/dam/c/fbc/b293c0ad-c904-4215-bc59-8d7f2414dfbc_106141_TABLET_LANDSCAPE_LARGE_16_9.jpg
G5vHZ_k3WXSDV,Rock N Roll Circus - Norwich - 4 Day Weekend Ticket,https://www.ticketmaster.co.uk/rock-n-roll-circus-norwich-4-norwich-20-08-2026/event/1F006464BDFB3EF4,2026-08-20,,,Europe/London,offsale,Music,Rock,Pop,Rock N Roll Circus,Earlham Park,KovZpZAnJ7eA,Norwich,Norwich,,,NR4 7TQ,GB,52.62566810,1.23785150,,,,https://s1.ticketm.net/dam/a/13b/0b384128-905f-4845-994a-7a879941313b_TABLET_LANDSCAPE_LARGE_16_9.jpg
1718v0G6GA86oBD,"Dark Thoughts, Memo PST, Razor Sharp, Youth Decline",https://www.ticketweb.com/event/dark-thoughts-memo-pst-razor-characters-pomona-tickets/14965473?REFERRAL_ID=tmfeed,2026-07-14,19:00:00,2026-07-15T02:00:00Z,America/Los_Angeles,onsale,Music,Rock,Pop,,Elements Financial Blue Ribbon Pavilion,KovZ917AxKe,1202 E 38th St,Indianapolis,Indiana,IN,46205,US,39.82551400,-86.13698600,,,,https://s1.ticketm.net/dam/c/fbc/b293c0ad-c904-4215-bc59-8d7f2414dfbc_106141_TABLET_LANDSCAPE_LARGE_16_9.jpg
G5dzZ_63GOvW-,AFI - Moved to Manchester Academy,https://www.ticketmaster.co.uk/afi-moved-to-manchester-academy-manchester-22-08-2026/event/3E0064748C801F61,2026-08-22,19:00:00,2026-08-22T18:00:00Z,Europe/London,offsale,Music,Rock,Alternative Rock,AFI,O2 Ritz Manchester,KovZ9177kaf,Whitworth Street West,Manchester,,,M1 5NQ,GB,53.47442300,-2.24309800,,,,https://s1.ticketm.net/dam/a/1d8/a6edfb49-e78a-4ee8-961e-c595b44951d8_TABLET_LANDSCAPE_LARGE_16_9.jpg
1718v0G61pggYL_,Meduza,https://www.ticketweb.com/event/meduza-ocean-casino-resort-tickets/14901363?REFERRAL_ID=tmfeed,2026-08-22,11:00:00,2026-08-22T15:00:00Z,America/New_York,offsale,Music,Pop,Electro Pop,MEDUZA,Ocean Resort Casino - HQ2 Beachclub,KovZpa241e,500 Boardwalk,Atlantic City,New Jersey,NJ,03401,US,39.362536,-74.413699,,,,https://s1.ticketm.net/dam/a/615/c8126857-4107-45f3-8761-c0e8646ff615_SOURCE
16zZkGy0yZA2eGuC,Calvin Harris,https://www.ticketmaster.ie/calvin-harris-belfast-22-08-2026/event/38006339939E1BCD,2026-08-22,16:00:00,2026-08-22T15:00:00Z,Europe/London,offsale,Music,Pop,Electro Pop,Calvin Harris; Belfast Vital,Boucher Playing Fields,KovZ917A7Mf,Boucher Road,Belfast,,,BT126HR,GB,54.57893800,-5.96378200,,,,https://s1.ticketm.net/dam/a/6f6/089636be-0ae9-42bf-b390-cbbcadff26f6_SOURCE
1718v0G6uMCJvrs,BRANDI CYRUS,https://www.ticketweb.ca/event/brandi-cyrus-cabana-toronto-tickets/14222774?REFERRAL_ID=tmfeed,2026-08-22,14:00:00,2026-08-22T18:00:00Z,America/Toronto,offsale,Music,Pop,Electro Pop,Brandi Cyrus,Cabana Pool Bar,KovZpZAtvJdA,11 Polson Street,Toronto,Ontario,ON,M5A 1A4,CA,43.64084800,-79.35463300,,,,https://s1.ticketm.net/dam/a/dd4/ff520865-a18f-4a9b-b65e-71716adbadd4_SOURCE
LvZ18QLGNCJZbQZZ0bwbm,Henge,https://www.universe.com/events/henge-tickets-W6V7JN?ref=ticketmaster,2026-08-22,19:30:00,2026-08-22T18:30:00Z,Europe/London,offsale,Music,Rock,Electronic,Henge; Divergent Promotions,Chinnerys,KovZpZAnnJnA,21 Marine Parade,Southend-On-Sea,,,SS1 2EJ,GB,51.53327700,0.71916000,,,,https://s1.ticketm.net/dam/a/0e8/0ad80bc9-0227-4af1-b43e-c54fac9f50e8_SOURCE
LvZ18QN1WDh94LOvG0UkK,Mallory Knox,https://www.universe.com/events/mallory-knox-tickets-8MS2PR?ref=ticketmaster,2026-08-22,19:00:00,2026-08-22T18:00:00Z,Europe/London,offsale,Music,Rock,Alternative Rock,Mallory Knox,Manchester The Deaf Institute.,KovZpZAnFvdA,135 Grosvenor Street,Manchester,,,M1 7HE,GB,53.47014000,-2.23615900,,,,https://s1.ticketm.net/dam/c/fbc/b293c0ad-c904-4215-bc59-8d7f2414dfbc_106141_TABLET_LANDSCAPE_LARGE_16_9.jpg
rZ7HnEZ1AfJfGK,INDIE NIGHT LIVE,https://www.ticketweb.com/event/indie-night-live-la-santa-tickets/14994313,2026-08-21,21:00:00,2026-08-22T04:00:00Z,America/Los_Angeles,offsale,Music,Rock,Indie Rock,,La Santa,rZ7HnEZ17otjg,220 E 3rd Street,Santa Ana,California,CA,92701,US,33.747048,-117.866312,13.38,13.38,USD,https://s1.ticketm.net/dam/c/fbc/b293c0ad-c904-4215-bc59-8d7f2414dfbc_106141_TABLET_LANDSCAPE_LARGE_16_9.jpg
rZ7HnEZ1AfQdbK,Emo Night Toronto: Jimmy Eat World x PUP Edition at Sneaky Dee's - Aug 21 2026 - TICKETS AT THE DOOR,https://www.ticketweb.ca/event/emo-night-toronto-jimmy-eat-sneaky-dees-concert-venue-tickets/14683613,2026-08-21,22:30:00,2026-08-22T02:30:00Z,America/Toronto,offsale,Music,Rock,Emo,,Sneaky Dee's Concert Venue,rZ7HnEZaeN0,"431 College Street, 2nd Floor",Toronto,Ontario,ON,M5T 1T1,CA,43.656413,-79.4074860,7.17,18.75,CAD,https://s1.ticketm.net/dam/c/fbc/b293c0ad-c904-4215-bc59-8d7f2414dfbc_106141_TABLET_LANDSCAPE_LARGE_16_9.jpg
G5dIZ_2rH3Tns,Guided Full Venue History Tour (60 Minutes) ,https://www.ticketmaster.com/guided-full-venue-history-tour-60-austin-texas-08-22-2026/event/3A0064F7BC4BFAB1,2026-08-22,11:00:00,2026-08-22T16:00:00Z,America/Chicago,offsale,Music,Blues,Blues,,Antone's Nightclub,KovZpZAtv1nA,305 E 5th Street,Austin,Texas,TX,78701,US,30.26605000,-97.74040100,,,,https://s1.ticketm.net/dam/e/032/ac36076e-aee2-416c-8997-ceee1c196032_TABLET_LANDSCAPE_LARGE_16_9.jpg
vv1AFZkugGkeXfMF9,2026 Jazzy Nights Season Pass,https://www.ticketmaster.com/2026-jazzy-nights-season-pass-detroit-michigan-06-10-2026/event/08006375BE537217,2026-06-10,19:30:00,2026-06-10T23:30:00Z,America/New_York,offsale,Music,Jazz,Jazz,,The Aretha Franklin Amphitheatre,KovZpa31me,2600 E Atwater,Detroit,Michigan,MI,48207,US,42.33318500,-83.02589200,,,,https://s1.ticketm.net/dam/c/bea/03d47f66-d37b-4aca-aa17-0135be64dbea_105801_TABLET_LANDSCAPE_LARGE_16_9.jpg
vv1FvOv0C83vZ7Cvu2,"90s Country Gold Series: Kathy Mattea, Collin Raye, & Pam Tillis",https://www.ticketmaster.com/90s-country-gold-series-kathy-mattea-dubuque-iowa-06-20-2026/event/060064390481D0CE,2026-06-20,19:30:00,2026-06-21T00:30:00Z,America/Chicago,offsale,Music,Country,Country,,Five Flags Center,KovZpZAJEvEA,405 Main Street,Dubuque,Iowa,IA,52001,US,42.49761400,-90.66545040,,,,https://s1.ticketm.net/dam/c/677/c58dd0af-cda8-49b2-bdaf-068540c3a677_106541_TABLET_LANDSCAPE_LARGE_16_9.jpg
vv1AkZkozGkex81OL,Rock & Roots Series: 3 Concert Package Event,https://www.ticketmaster.com/rock-roots-series-3-concert-package-dubuque-iowa-07-10-2026/event/06006478A240A81F,2026-07-10,19:30:00,2026-07-11T00:30:00Z,America/Chicago,offsale,Music,Folk,Indie Folk,,Five Flags Center,KovZpZAJEvEA,405 Main Street,Dubuque,Iowa,IA,52001,US,42.49761400,-90.66545040,,,,https://s1.ticketm.net/dam/c/779/d4bc7e11-1b50-4aa4-a2be-0a21569f5779_106531_TABLET_LANDSCAPE_LARGE_16_9.jpg
vvG1IZ_20-GwOY,Best of Hawaii Makeke VIP ACCESS (Saturday),https://www.ticketmaster.com/best-of-hawaii-makeke-vip-access-honolulu-hawaii-08-22-2026/event/0A0064F921332830,2026-08-22,09:00:00,2026-08-22T19:00:00Z,Pacific/Honolulu,offsale,Music,Undefined,Undefined,Hawaii's Finest,Neal S Blaisdell Exhibition Hall,KovZpapZGe,777 Ward Avenue,Honolulu,Hawaii,HI,96814,US,21.29990157,-157.85103374,,,,https://s1.ticketm.net/dam/a/c9d/5b517289-8afc-4433-a049-a78310466c9d_SOURCE
Z59rmIYnyZ1d1,Johnny Marr | Contaminazioni Musicali – Estate Teatrale Veronese 2026,https://www.ticketmaster.it/biglietti/johnny-marr-verona-16-07-2026/event/mhz72d2m9k45,2026-07-16,21:15:00,2026-07-16T19:15:00Z,Europe/Rome,offsale,Music,Undefined,Undefined,Contaminazioni Musicali; Johnny Marr,Teatro Romano di Verona,ZG9rmIYnyZevd7,"Via Rigaste Redentore, 2",Verona,,,37129,IT,45.446310,11.003184,,,,https://s1.ticketm.net/dam/a/6a4/6a40e1c8-08fa-4783-b4e0-2922905a96a4_TABLET_LANDSCAPE_LARGE_16_9.jpg
G5dzZ_2dew3mV,Dexta Daps,https://www.ticketmaster.co.uk/dexta-daps-london-22-08-2026/event/3E0064F0C2C92BB4,2026-08-22,19:00:00,2026-08-22T18:00:00Z,Europe/London,offsale,Music,Reggae,Reggae,Dexta Daps,Troxy,KovZ917AV2_,490 Commercial Road,London,,,E10HX,GB,51.51326000,-0.04393500,,,,https://s1.ticketm.net/dam/e/614/2d09be9a-edc5-41f5-9655-78147223e614_TABLET_LANDSCAPE_LARGE_16_9.jpg
1AdfZbMGkSZ71wL,Nile Rodgers & CHIC,https://www.ticketmaster.co.uk/nile-rodgers-chic-scarborough-22-08-2026/event/3500637CC010AC9F,2026-08-22,18:00:00,2026-08-22T17:00:00Z,Europe/London,offsale,Music,R&B,R&B,Nile Rodgers & CHIC; Scarborough Open Air Theatre; The Brand New Heavies; James Emmanuel,Scarborough Open Air Theatre,KovZ9177Ez0,Burniston Road,Scarborough,,,YO12 6PF,GB,54.29319500,-0.41208600,,,,https://s1.ticketm.net/dam/a/8bd/013e9060-9082-4742-a0c4-31f5af2e28bd_SOURCE
1AgZkCvGkeR_UeQ,Nile Rodgers & CHIC,https://www.ticketmaster.co.uk/nile-rodgers-chic-scarborough-22-08-2026/event/35006381AF67609A,2026-08-22,18:00:00,2026-08-22T17:00:00Z,Europe/London,offsale,Music,R&B,R&B,Nile Rodgers & CHIC,Scarborough Open Air Theatre,KovZ9177Ez0,Burniston Road,Scarborough,,,YO12 6PF,GB,54.29319500,-0.41208600,,,,https://s1.ticketm.net/dam/a/8bd/013e9060-9082-4742-a0c4-31f5af2e28bd_SOURCE
1A8ZkCvGkdGEIzn,"Blues In The Ballpark - Weekend Pass August 21 & 22, 2026",https://www.ticketmaster.ca/blues-in-the-ballpark-weekend-pass-thunder-bay-ontario-08-22-2026/event/10006381CC9E8E2A,2026-08-22,13:00:00,2026-08-22T17:00:00Z,America/Toronto,onsale,Music,Blues,Blues,Blues Festival,Thunder Bay Community Auditorium,KovZpZAkE1lA,1 Paul Shaffer Drive,Thunder Bay,Ontario,ON,P7B 6C7,CA,48.42212650,-89.24410990,,,,https://s1.ticketm.net/dam/e/b3f/6f2826a8-db40-4cd8-9a24-e678fe1b0b3f_TABLET_LANDSCAPE_LARGE_16_9.jpg
17G8v0G6GlD_lox,BINGO BRUNCH - Hip Hop & RnB Bingo avec Tom Swoope,https://www.ticketmaster.ca/bingo-brunch-hip-hop-rnb-bingo-montreal-quebec-08-22-2026/event/310064CAFB66B462,2026-08-22,11:00:00,2026-08-22T15:00:00Z,America/New_York,cancelled,Music,R&B,R&B,,Le Balcon,KovZpZAE7AaA,463 Sainte-Catherine Ouest,Montreal,Quebec,QC,H3B1B1,CA,45.50601053,-73.56700723,,,,https://s1.ticketm.net/dam/e/adf/f9e03058-9f13-44ee-948e-c3bc77561adf_TABLET_LANDSCAPE_LARGE_16_9.jpg
G5dzZ_aLlekuL,Counterfeit Festival,https://www.ticketmaster.co.uk/counterfeit-festival-london-22-08-2026/event/3E006497EB08635F,2026-08-22,18:00:00,2026-08-22T17:00:00Z,Europe/London,rescheduled,Music,Hip-Hop/Rap,Trap,Counterfeit Festival; Pradabagshawty,O2 Forum Kentish Town,KovZ9177AAV,"9 - 17 Highgate RD, Kentish Town",London,,,NW5 1JY,GB,51.55203900,-0.14193000,,,,https://s1.ticketm.net/dam/a/a1b/5d15d7cd-7988-45d2-8045-53d896af8a1b_SOURCE
G5dzZ_kCaHekV,The Harry Styles Tribute Show starring Sean Mac,https://www.ticketmaster.co.uk/the-harry-styles-tribute-show-starring-bournemouth-22-08-2026/event/3E00646389F021B4,2026-08-22,19:00:00,2026-08-22T18:00:00Z,Europe/London,cancelled,Music,Other,Other,The Harry Styles Tribute Show,O2 Academy Bournemouth,KovZpZAn6lJA,570 Christchurch Rd,Bournemouth,,,BH1 4BH,GB,50.72671000,-1.83987800,,,,https://s1.ticketm.net/dam/a/5fc/ed17bc0c-6a2d-4540-9912-750303f4d5fc_SOURCE
G5dzZbUDSohA6,The Streets,https://www.ticketmaster.co.uk/the-streets-birmingham-22-08-2026/event/3E00636EF345B147,2026-08-22,19:00:00,2026-08-22T18:00:00Z,Europe/London,offsale,Music,Hip-Hop/Rap,Trap,The Streets,O2 Academy Birmingham,KovZpZAnak7A,16-18 Horsefair,Birmingham,,,B1 1DB,GB,52.47327700,-1.90021500,,,,https://s1.ticketm.net/dam/a/932/b9cb81fc-0154-48e6-b53f-df3c9aa62932_TABLET_LANDSCAPE_LARGE_16_9.jpg
LvZ18Q-JrJNtXC8vOIwde,SHRBTCH PRESENTS: DJ LUCK & MC NEAT DAY PARTY,https://www.universe.com/events/shrbtch-presents-dj-luck-mc-neat-day-party-tickets-RNFQSM?ref=ticketmaster,2026-08-22,17:00:00,2026-08-22T16:00:00Z,Europe/London,offsale,Music,Dance/Electronic,Club Dance,DJ Luck and MC Neat,Between the Bridges,KovZpZAt6ddA,The Queen's Walk,London,,,SE1 ,GB,,,,,,https://s1.ticketm.net/dam/c/df8/81eadad8-4449-412e-a2b1-3d8bbb78edf8_106181_TABLET_LANDSCAPE_LARGE_16_9.jpg
LvZ18Q-QH775_MZZneUCt,DJ Supa D & Pioneer Headline Show,https://www.universe.com/events/dj-supa-d-pioneer-headline-show-tickets-JVX3ZQ?ref=ticketmaster,2026-08-22,15:00:00,2026-08-22T14:00:00Z,Europe/London,offsale,Music,Dance/Electronic,Club Dance,DJ Supa D; Nicky Slimting,Outernet Live,KovZ917AIjH,Charing Cross Rd,London,,,WC2H8LH,GB,51.51574100,-0.12915900,,,,https://s1.ticketm.net/dam/c/df8/81eadad8-4449-412e-a2b1-3d8bbb78edf8_106181_TABLET_LANDSCAPE_LARGE_16_9.jpg
LvZ18Q-uqJlpirOZE5m6_,Tommy Fleming - The Encore Tour,https://www.universe.com/events/tommy-fleming-the-encore-tour-tickets-Y36VCL?ref=ticketmaster,2026-08-22,19:00:00,2026-08-22T18:00:00Z,Europe/London,offsale,Music,Folk,Folk,Tommy Fleming,The Devenish Complex,KovZ917AA7f,33 - 37 Finaghy Road North,Belfast,,,BT10 0JB,GB,54.56419300,-5.98756100,,,,https://s1.ticketm.net/dam/c/779/d4bc7e11-1b50-4aa4-a2be-0a21569f5779_106531_TABLET_LANDSCAPE_LARGE_16_9.jpg
LvZ18Q0V4BcBxjmu73khT,The Afrobeats Orchestra,https://www.universe.com/events/the-afrobeats-orchestra-tickets-2WQ6CK?ref=ticketmaster,2026-08-22,18:30:00,2026-08-22T17:30:00Z,Europe/London,offsale,Music,Dance/Electronic,World Dance,The Afrobeats Orchestra,Jazz Cafe,KovZpZAnaJaA,"Jazz Cafe, 5 Parkway",London,,,NW17PG,GB,51.53859000,-0.14334300,,,,https://s1.ticketm.net/dam/c/df8/81eadad8-4449-412e-a2b1-3d8bbb78edf8_106181_TABLET_LANDSCAPE_LARGE_16_9.jpg
LvZ18QEpzY3rArgHSq_Vi,King Kong Kicks meets Stuttgarter Weindorf,https://www.universe.com/events/king-kong-kicks-meets-stuttgarter-weindorf-tickets-M1D8BN?ref=ticketmaster,2026-08-22,18:00:00,2026-08-22T16:00:00Z,Europe/Berlin,offsale,Music,Alternative,Indie Pop,King Kong Kicks,,Z598xZC2Z6vF1,Schillerplatz 6,Stuttgart,,,70173,DE,48.77707,9.17906,,,,https://s1.ticketm.net/dam/a/6ed/0f42cde0-e485-4d6d-b832-17f43fd0c6ed_SOURCE
LvZ18QEuugw7i9hubI5Id,DJ Nights: The Caribbean One Love Dinner & After-Party with Saxon Sound,https://www.universe.com/events/dj-nights-the-caribbean-one-love-dinner-after-party-with-saxon-sound-tickets-BM674G?ref=ticketmaster,2026-08-22,20:00:00,2026-08-22T19:00:00Z,Europe/London,onsale,Music,Reggae,Reggae,Saxon Sound,"Boisdale, Canary Wharf",KovZpZAnvalA,Cabot Place,London,,,E14 4QT,GB,51.50525200,-0.02227100,,,,https://s1.ticketm.net/dam/c/27e/458d1b62-6e4f-4ffd-8941-9ed303d8e27e_106041_TABLET_LANDSCAPE_LARGE_16_9.jpg
LvZ18QJL8qrZog_K8bppf,Sands Open Air Festival at Polo Club,https://www.universe.com/events/sands-open-air-festival-at-polo-club-tickets-HD78FS?ref=ticketmaster,2026-08-22,14:00:00,2026-08-22T12:00:00Z,Europe/Berlin,offsale,Music,Undefined,Undefined,Sands Open Air Festival,Hamburger Polo Club e.V.,Z698xZC2Zaanq,Jenischstr. 26,Hamburg,,,22609,DE,53.55993,9.85569,,,,https://s1.ticketm.net/dam/a/f82/c45690e0-c0f4-4fc0-abe7-db975d385f82_SOURCE
LvZ18QJW-g7ZQqozWXmD7,Safe House / Miss It All / But That's My Favourite Mug Steve,https://www.universe.com/events/safe-house-miss-it-all-but-thats-my-favourite-mug-steve-tickets-RCDXT0?ref=ticketmaster,2026-08-22,20:00:00,2026-08-22T19:00:00Z,Europe/London,offsale,Music,Alternative,Alternative Rock,SafeHouse; miss it all,The Horn,KovZ91773g7,Victoria Street,St Albans,,,AL13TE,GB,51.75029500,-0.32900600,,,,https://s1.ticketm.net/dam/c/f50/96fa13be-e395-429b-8558-a51bb9054f50_105951_TABLET_LANDSCAPE_LARGE_16_9.jpg
LvZ18QJrrczENHbZuC13K,PARTY IN THE GARDEN ROOFTOP DAY & NIGHT PARTY,https://www.universe.com/events/party-in-the-garden-rooftop-day-night-party-tickets-P3W52L?ref=ticketmaster,2026-08-22,15:00:00,2026-08-22T14:00:00Z,Europe/London,onsale,Music,Dance/Electronic,Club Dance,Nightclub at Brixton Storeys,Brixton Storeys,KovZ9177Pj0,467-469 Brixton Rd,London,,,SW98HH,GB,51.46184500,-0.11502100,,,,https://s1.ticketm.net/dam/c/df8/81eadad8-4449-412e-a2b1-3d8bbb78edf8_106181_TABLET_LANDSCAPE_LARGE_16_9.jpg
LvZ18QJtL3Dk3RRkxoTw5,SUMMER DAY PARTY (£1 B4 4PM WITH A TICKET),https://www.universe.com/events/summer-day-party-1-b4-4pm-with-a-ticket-tickets-D8GXN0?ref=ticketmaster,2026-08-22,15:00:00,2026-08-22T14:00:00Z,Europe/London,offsale,Music,Dance/Electronic,Club Dance,Nightclub at POP Brixton,Pop Brixton,KovZ9177f7f,49 Brixton Station Road,London,,,SW9 8PQ,GB,51.46335,-0.112344,,,,https://s1.ticketm.net/dam/c/df8/81eadad8-4449-412e-a2b1-3d8bbb78edf8_106181_TABLET_LANDSCAPE_LARGE_16_9.jpg
LvZ18QN12TUUo2YvO3KGf,LEIPZIG | Old but Gold Ü30 Hip Hop Open Air + Aftershowparty w/Denyo,https://www.universe.com/events/leipzig-old-but-gold-u30-hip-hop-open-air-aftershowparty-w-denyo-tickets-M98YR3?ref=ticketmaster,2026-08-22,15:00:00,2026-08-22T13:00:00Z,Europe/Berlin,onsale,Music,Hip-Hop/Rap,Hip-Hop/Rap,Old but Gold Ü30 HipHop Party; Denyo (Beginner),Herr Kauzig,Z698xZC2ZaaZy,Jahnallee 52,Leipzig,,, 04177,DE,51.3392,12.3424,,,,https://s1.ticketm.net/dam/a/a0f/74015971-c3dc-4b13-a489-5251ff7a8a0f_SOURCE
LvZ18QN17ofRt1ZvqtzYP,FRANKFURT | Old but Gold Ü30 Hip Hop Open Air+Aftershowparty w/ Queen Omega,https://www.universe.com/events/frankfurt-old-but-gold-u30-hip-hop-open-air-aftershowparty-w-queen-omega-tickets-3Q2Y0R?ref=ticketmaster,2026-08-22,15:00:00,2026-08-22T13:00:00Z,Europe/Berlin,onsale,Music,Hip-Hop/Rap,Hip-Hop/Rap,Old but Gold Ü30 HipHop Party; Queen Omega,,Z698xZC2Zadmu,Gwinnerstraße 5,Frankfurt am Main,,,60388,DE,50.13557,8.73896,,,,https://s1.ticketm.net/dam/a/a0f/74015971-c3dc-4b13-a489-5251ff7a8a0f_SOURCE
LvZ18QN2Je5-JoYZv_vMu,Alfies Soho - Live Jazz and Blues,https://www.universe.com/events/alfies-soho-live-jazz-and-blues-tickets-F3N1YG?ref=ticketmaster,2026-08-22,20:00:00,2026-08-22T19:00:00Z,Europe/London,offsale,Music,Jazz,Jazz,Alfie's Soho; Soho Live Music Club,Alfie's Soho,KovZ9177Fh0,"First Floor, 49 Greek St",London,,,W1D4EG,GB,51.51400350,-0.13108730,,,,https://s1.ticketm.net/dam/a/4d8/a894579e-8aa7-472e-93cc-cb0d4fc574d8_TABLET_LANDSCAPE_LARGE_16_9.jpg
LvZ18QO31OuPuNZvL2mni,Rocksteady Reggae with Wayne Hernandez,https://www.universe.com/events/rocksteady-reggae-with-wayne-hernandez-tickets-ZSHV8Y?ref=ticketmaster,2026-08-22,18:30:00,2026-08-22T17:30:00Z,Europe/London,offsale,Music,Dance/Electronic,Dance/Electronic,Wayne Hernandez,Soul Mama Islington,KovZ9177ga7,"21 Parkfield Street,",London,,,N10PS,GB,51.53418400,-0.10612600,,,,https://s1.ticketm.net/dam/c/df8/81eadad8-4449-412e-a2b1-3d8bbb78edf8_106181_TABLET_LANDSCAPE_LARGE_16_9.jpg
LvZ18QOdGCwagJZZMt5In,MANTRA - BRING ME THE HORIZON TRIBUTE,https://www.universe.com/events/mantra-bring-me-the-horizon-tribute-tickets-CTVQFD?ref=ticketmaster,2026-08-22,19:00:00,2026-08-22T18:00:00Z,Europe/London,offsale,Music,Metal,Metal,MANTRA – A Tribute To Bring Me The Horizon,Nightrain,KovZpZAnlEtA,7-19 Queensgate,Bradford,,,BD1 1RB,GB,53.794419,-1.753727,,,,https://s1.ticketm.net/dam/c/e7c/86478562-7218-4e8f-b9d4-8080fe168e7c_105581_TABLET_LANDSCAPE_LARGE_16_9.jpg
LvZ18QOkA-8z9nYZM5C6H,Babylon - Tributo a Boney M,https://www.universe.com/events/babylon-tributo-a-boney-m-tickets-FYZV3T?ref=ticketmaster,2026-08-21,22:00:00,2026-08-21T20:00:00Z,Europe/Madrid,offsale,Music,Dance/Electronic,Disco,Babylon - Tributo a Boney M,Plaza de Toros de Fitero,Z598xZ2qZadde,"C. Calatrava, 14",Fitero,Navarre,,31593,ES,42.05701,-1.85622,,,,https://s1.ticketm.net/dam/c/df8/81eadad8-4449-412e-a2b1-3d8bbb78edf8_106181_TABLET_LANDSCAPE_LARGE_16_9.jpg
LvZ18QPtLpjTO4egBQMAr,Rory Ingham Quintet ft. Maarten Combrink,https://www.universe.com/events/rory-ingham-quintet-ft-maarten-combrink-tickets-194MDV?ref=ticketmaster,2026-08-22,20:00:00,2026-08-22T19:00:00Z,Europe/London,offsale,Music,Jazz,Jazz,Rory Ingham,Vortex Jazz Club,KovZ9177150,11 Gillet Square,London,,,N168AZ,GB,51.54879000,-0.07665000,,,,https://s1.ticketm.net/dam/c/bea/03d47f66-d37b-4aca-aa17-0135be64dbea_105801_TABLET_LANDSCAPE_LARGE_16_9.jpg
LvZ18Q_-DuNMRqOZyNJd4,The Tumbling Paddies,https://www.universe.com/events/the-tumbling-paddies-tickets-B7PQT5?ref=ticketmaster,2026-08-22,19:00:00,2026-08-22T18:00:00Z,Europe/Dublin,offsale,Music,Folk,Folk,The Tumbling Paddies; Mickey Harte,Cashel rugby club,KovZ917AV2A,"Old Rd, Spafield, Cashel, Co. Tipperary",Co. Tipperary,Co. Tipperary,T,,IE,52.50690885,-7.88624347,,,,https://s1.ticketm.net/dam/c/779/d4bc7e11-1b50-4aa4-a2be-0a21569f5779_106531_TABLET_LANDSCAPE_LARGE_16_9.jpg
LvZ18Q_wsvBRwtYZlkugj,The Phil Lynott Convention.,https://www.universe.com/events/the-phil-lynott-convention-tickets-5QYBT6?ref=ticketmaster,2026-08-22,18:00:00,2026-08-22T17:00:00Z,Europe/Dublin,offsale,Music,Undefined,Undefined,The Phil Lynott Convention,The Button Factory,KovZ9177TlV,"Curved Street, Temple Bar",Dublin,Dublin 2,D2,D024D26,IE,53.34486400,-6.26457000,,,,https://s1.ticketm.net/dam/c/ab4/6367448e-7474-4650-bd2d-02a8f7166ab4_106161_TABLET_LANDSCAPE_LARGE_16_9.jpg
LvZ18QbW8iPONoYZlQmCo,Darkfest 2026,https://www.universe.com/events/darkfest-2026-tickets-L5403S?ref=ticketmaster,2026-08-22,18:00:00,2026-08-22T17:00:00Z,Europe/London,offsale,Music,Alternative,Alternative Rock,Sanctum Sanctorium : The Darkside of The 80s; Ghost Dance; KORINTHIANS,KK's Steel Mill,KovZ9177jUf,Frederick Street,Wolverhampton,,,WV2 4DU,GB,52.57868630,-2.13098530,,,,https://s1.ticketm.net/dam/c/f50/96fa13be-e395-429b-8558-a51bb9054f50_105951_TABLET_LANDSCAPE_LARGE_16_9.jpg
LvZ18Qbc8EkDV-ZZv9oSc,Tablao Flamenco 1911: El Tablao Más Antiguo del Mundo,https://www.universe.com/events/tablao-flamenco-1911-el-tablao-mas-antiguo-del-mundo-tickets-96BY2G?ref=ticketmaster,2026-08-22,21:00:00,2026-08-22T19:00:00Z,Europe/Madrid,offsale,Music,World,Flamenco,Tablao Flamenco 1911,Tablao Flamenco 1911,Z598xZ2qZav1k,"Pl. de Sta. Ana, 15, Centro,",Madrid,Madrid,,28012,ES,41.38152,1.56931,,,,https://s1.ticketm.net/dam/c/548/5fefbd1c-973b-4b0e-9b2e-d78e4ce37548_106111_TABLET_LANDSCAPE_LARGE_16_9.jpg
LvZ18Qbl041Gw6YZleGfJ,Special Kinda Madness,https://www.universe.com/events/special-kinda-madness-tickets-FPG8V2?ref=ticketmaster,2026-08-22,19:30:00,2026-08-22T18:30:00Z,Europe/London,offsale,Music,Undefined,Undefined,Special Kinda Madness,Hertford Corn Exchange,KovZ9177Ch0,39 Fore St,Hertford,,,SG14 1AL,GB,,,,,,https://s1.ticketm.net/dam/c/ab4/6367448e-7474-4650-bd2d-02a8f7166ab4_106161_TABLET_LANDSCAPE_LARGE_16_9.jpg
LvZ18Qj_hJNQpzOZ0OMbe,Crushed Veneer,https://www.universe.com/events/crushed-veneer-tickets-VPLRY1?ref=ticketmaster,2026-08-22,18:00:00,2026-08-22T17:00:00Z,Europe/London,offsale,Music,Alternative,Alternative,Crushed Veneer,New Cross Inn,KovZpZAt6AEA,323 New Cross Road,London,,,SE14 6AS,GB,51.47552400,-0.03838000,,,,https://s1.ticketm.net/dam/c/f50/96fa13be-e395-429b-8558-a51bb9054f50_105951_TABLET_LANDSCAPE_LARGE_16_9.jpg
LvZ18Qk1GUGTD8YZlKHEf,Gary Stewart presents Graceland,https://www.universe.com/events/gary-stewart-presents-graceland-tickets-FWQN9T?ref=ticketmaster,2026-08-22,19:30:00,2026-08-22T18:30:00Z,Europe/London,offsale,Music,Country,Country,Gary Stewart,Brudenell Social Club,KovZ9177x50,33 Queens Road,Leeds,,,LS6 1NY,GB,53.80965600,-1.57027500,,,,https://s1.ticketm.net/dam/c/677/c58dd0af-cda8-49b2-bdaf-068540c3a677_106541_TABLET_LANDSCAPE_LARGE_16_9.jpg
LvZ18Qo-t_z-a0OZwe_gp,Nickelback UK,https://www.universe.com/events/nickelback-uk-tickets-WVD12G?ref=ticketmaster,2026-08-22,19:00:00,2026-08-22T18:00:00Z,Europe/London,offsale,Music,Alternative,Alternative,Nickelback UK - Tribute to Nickelback,Southampton 1865,KovZ9177NC7,Brunswick Square,Southampton,,,SO14 3AR,GB,50.89898110,-1.40046330,,,,https://s1.ticketm.net/dam/c/f50/96fa13be-e395-429b-8558-a51bb9054f50_105951_TABLET_LANDSCAPE_LARGE_16_9.jpg
LvZ18Qpr9NGSHtZZwH6Nj,WE OUTSIDE - OPEN AIR / SUMMER CLOSING,https://www.universe.com/events/we-outside-open-air-summer-closing-tickets-V7DBGN?ref=ticketmaster,2026-08-22,17:00:00,2026-08-22T15:00:00Z,Europe/Berlin,offsale,Music,Hip-Hop/Rap,Hip-Hop/Rap,WE OUTSIDE,,Z698xZC2Za7v9,Schnackenburgallee 202,Hamburg,,,22525,DE,53.59572,9.90594,,,,https://s1.ticketm.net/dam/c/80b/f3cd8d24-c3ae-4fa0-b4bc-1ba99f9b380b_106091_TABLET_LANDSCAPE_LARGE_16_9.jpg
LvZ18QqWys5rZHOvqXlnG,Jahnavi Harrison,https://www.universe.com/events/jahnavi-harrison-tickets-Y6GXR8?ref=ticketmaster,2026-08-22,18:30:00,2026-08-22T17:30:00Z,Europe/London,offsale,Music,New Age,Ambient,Jahnavi Harrison,Union Chapel,KovZ9177ko0,"Compton Terrace, Off Upper ST",London,,,N1 2XD,GB,51.54378000,-0.10236200,,,,https://s1.ticketm.net/dam/c/2e8/33262bfb-cb4b-4d42-bf4e-0134d992b2e8_106361_TABLET_LANDSCAPE_LARGE_16_9.jpg
LvZ18QqXJ80gaQYv1T-G6,MOK Fest - Saturday Traditional Concert,https://www.universe.com/events/mok-fest-saturday-traditional-concert-tickets-0CDVZT?ref=ticketmaster,2026-08-22,18:30:00,2026-08-22T17:30:00Z,Europe/London,offsale,Music,Folk,Folk,Blazin' Fiddles; Beth Malcolm,"Heritage Centre, Campbeltown",KovZ9177pOf,The Big Kiln,Campbeltown,,,PA28 6JU,GB,55.42306400,-5.61016000,,,,https://s1.ticketm.net/dam/c/779/d4bc7e11-1b50-4aa4-a2be-0a21569f5779_106531_TABLET_LANDSCAPE_LARGE_16_9.jpg
LvZ18QrdNslb-TYvqQ2ko,ATA KAK,https://www.universe.com/events/ata-kak-tickets-YV2B8J?ref=ticketmaster,2026-08-22,19:30:00,2026-08-22T18:30:00Z,Europe/London,offsale,Music,Dance/Electronic,Dance/Electronic,ATA KAK,The Crescent,KovZ9177AUf,8 The Crescent,York,,,YO24 1AW,GB,53.95483260,-1.09385960,,,,https://s1.ticketm.net/dam/c/df8/81eadad8-4449-412e-a2b1-3d8bbb78edf8_106181_TABLET_LANDSCAPE_LARGE_16_9.jpg
Z698xZ52Z1kPeb9ue,THE PENTHOUSE PRESENTS: NICK MORGAN,https://www.ticketmaster.ae/event/the-penthouse-presents-nick-morgan-tickets/942617342,2026-08-22,22:00:00,2026-08-22T18:00:00Z,Asia/Dubai,onsale,Music,Dance/Electronic,Dance/Electronic,Nick Morgan; The Penthouse,The Penthouse | FIVE Palm,Z198xZ52Z6v7,Palm Jumeirah - No 1 - The Palm Jumeirah,Dubai,,,,AE,25.10369,55.14769,,,,https://s1.ticketm.net/dam/e/9a7/946cc44d-4839-4d2d-a8b0-ec3f9af749a7_SOURCE
ZFwVzcymWZ17k4xv,CHILLINIT - The Last Leg Tour (Second Show),https://www.moshtix.com.au/v2/event/chillinit-the-last-leg-tour-second-show-/195881,2026-08-22,19:30:00,2026-08-22T09:30:00Z,Australia/Melbourne,offsale,Music,Hip-Hop/Rap,Urban,Chillinit,Northcote Theatre,KovZpZAdalEA,216 High Street,Northcote,Victoria,VIC,3070,AU,-37.77360805,144.99856947,,,,https://s1.ticketm.net/dam/a/1e3/9016641e-8ac4-4d84-8837-e2cd9d5281e3_SOURCE
ZFwVzcymWZ17k934,ABOVE pres. CLUB HEARTBEAT — August 22,https://www.moshtix.com.au/v2/event/above-pres-club-heartbeat-august-22/197495,2026-08-22,22:00:00,2026-08-22T12:00:00Z,Australia/Sydney,offsale,Music,Dance/Electronic,Dance/Electronic,ABOVE,ivy Sydney,KovZ917ARtW,330 George Street,Sydney,New South Wales,NSW,2000,AU,-33.86653696,151.20752289,,,,https://s1.ticketm.net/dam/c/df8/81eadad8-4449-412e-a2b1-3d8bbb78edf8_106181_TABLET_LANDSCAPE_LARGE_16_9.jpg
ZFwVzcymWZ17k9pa,Chinese Laundry Invites C'EST LA VIE [FULL VENUE TAKEOVER] ft. KITTY AMOR [UK] + SIXTEN + PARTIGIRL,https://www.moshtix.com.au/v2/event/chinese-laundry-invites-c-est-la-vie-full-venue-takeover-ft-kitty-amor-uk-sixten-partigirl/197589,2026-08-22,21:00:00,2026-08-22T11:00:00Z,Australia/Sydney,onsale,Music,Dance/Electronic,Dance/Electronic,Chinese Laundry; Kitty Amor,Chinese Laundry,KovZ917ARtD,111 Sussex Street,Sydney,New South Wales,NSW,2000,AU,-33.86862391,151.20343274,,,,https://s1.ticketm.net/dam/c/df8/81eadad8-4449-412e-a2b1-3d8bbb78edf8_106181_TABLET_LANDSCAPE_LARGE_16_9.jpg
ZFwVzcymWZ17kb8t,Miley Serious (FR) + Pluto,https://www.moshtix.com.au/v2/event/miley-serious-fr-pluto/198429,2026-08-22,21:00:00,2026-08-22T13:00:00Z,Australia/Perth,offsale,Music,Dance/Electronic,Dance/Electronic,Miley Serious; Pluto,,,,,,,,,,,,,,https://s1.ticketm.net/dam/c/df8/81eadad8-4449-412e-a2b1-3d8bbb78edf8_106181_TABLET_LANDSCAPE_LARGE_16_9.jpg
ZFwVzcymWZ17kpkp,GARBAGEtv pres. CLUB ANGEL,https://www.moshtix.com.au/v2/event/garbagetv-pres-club-angel/196196,2026-08-22,21:00:00,2026-08-22T13:00:00Z,Australia/Perth,offsale,Music,Dance/Electronic,Dance/Electronic,Club Angel,The Rechabite,KovZ917Amke,224 William St,Perth,Western Australia,WA,6003,AU,-31.94844799,115.85985911,,,,https://s1.ticketm.net/dam/a/3ce/358dc766-bdb7-439a-b43b-76f7b0bb13ce_SOURCE
ZG9rmIYnyZdkv6,Giordano Mazzocchi | Pride Village 2026,https://www.ticketmaster.it/biglietti/giordano-mazzocchi-pride-village-2026-padova-22-08-2026/event/vs7zmv5wauuo,2026-08-22,19:30:00,2026-08-22T17:30:00Z,Europe/Rome,onsale,Music,Undefined,Undefined,Padova Pride Village,Arena Spettacoli - Fiera di Padova,ZG9rmIYnyZevA7,"Via Niccolò Tommaseo, 59",Padova,,,35131,IT,45.411731,11.893828,,,,https://s1.ticketm.net/dam/a/d42/2d0dbfbf-d49b-46a9-93ed-dfcde4dfad42_SOURCE
rZ7HnEZ1A4ZgZK,Chain Reaction: Chef Chel & BOY.A,https://www.ticketweb.com/event/chain-reaction-chef-chel-atomic-lounge-tickets/15035013,2026-08-21,22:00:00,2026-08-22T03:00:00Z,America/Chicago,offsale,Music,Other,,,Atomic Lounge,rZ7HnEZ17qpAf,4140 Manchester Ave,St. Louis,Missouri,MO,63110,US,38.62771370390,-90.25180028650,0.0,0.0,USD,https://s1.ticketm.net/dam/c/060/c5c08e7a-9912-456c-a060-2758be94e060_105881_TABLET_LANDSCAPE_LARGE_16_9.jpg
rZ7HnEZ1A4vv-d,COPS N' ROBBERS 360 CAGE RAVE,https://www.ticketweb.com/event/cops-n-robbers-360-cage-the-forge-tickets/15041843,2026-08-21,22:00:00,2026-08-22T03:00:00Z,America/Chicago,offsale,Music,Dance/Electronic,Rave,,The Forge,rZ7HnEZ178Uv4,22 W. Cass St.,Joliet,Illinois,IL,60432,US,41.527733,-88.081972,,,,https://s1.ticketm.net/dam/c/df8/81eadad8-4449-412e-a2b1-3d8bbb78edf8_106181_TABLET_LANDSCAPE_LARGE_16_9.jpg
rZ7HnEZ1AfJ9-d,Bluebird Cafe Summer Open House,https://www.ticketweb.com/event/bluebird-cafe-summer-open-house-the-bluebird-cafe-tickets/14997843,2026-08-22,10:00:00,2026-08-22T15:00:00Z,America/Chicago,offsale,Music,Other,,,The Bluebird Cafe,rZ7HnEZ17fdZg,4104 Hillsboro Pike,Nashville,Tennessee,TN,37215,US,36.1016781,-86.8178113,,,,https://s1.ticketm.net/dam/c/060/c5c08e7a-9912-456c-a060-2758be94e060_105881_TABLET_LANDSCAPE_LARGE_16_9.jpg
rZ7HnEZ1AfJ_rd,COUNTRY NIGHT 🤠 AFTER PARTY ,https://www.ticketweb.com/event/country-night-after-party-hard-rock-cafe-tickets/14999783,2026-08-21,22:00:00,2026-08-22T02:00:00Z,America/New_York,offsale,Music,Country,Alternative Country,,Hard Rock Cafe - Atlantic City,rZ7HnEZ17p84I,1000 Boardwalk,Atlantic City,New Jersey,NJ,08401,US,39.358715,-74.420528,0.0,35.36,USD,https://s1.ticketm.net/dam/c/677/c58dd0af-cda8-49b2-bdaf-068540c3a677_106541_TABLET_LANDSCAPE_LARGE_16_9.jpg
rZ7HnEZ1AfJfFK,Lawrence Peters (DJ Set),https://www.ticketweb.com/event/lawrence-peters-dj-set-three-top-lounge-tickets/14994213,2026-08-21,22:00:00,2026-08-22T03:00:00Z,America/Chicago,offsale,Music,Country,Honky Tonk,,Three Top Lounge,rZ7HnEZ17_Skd,1357 N Elston Avenue,Chicago,Illinois,IL,60642,US,41.90673,-87.65923,0.0,0.0,USD,https://s1.ticketm.net/dam/c/677/c58dd0af-cda8-49b2-bdaf-068540c3a677_106541_TABLET_LANDSCAPE_LARGE_16_9.jpg
rZ7HnEZ1AfOYed,Four Winds Weekend Pass,https://www.ticketweb.com/event/four-winds-weekend-pass-icon-events-dada-gastropub-tickets/14830083,2026-08-21,17:00:00,2026-08-21T22:00:00Z,America/Chicago,onsale,Music,Alternative,Alternative,,Icon Events & Dada Gastropub,rZ7HnEZ178xxA,402 N. Main Ave.,Sioux Falls,South Dakota,SD,59104,US,43.551280,-96.728270,51.18,51.18,USD,https://s1.ticketm.net/dam/c/f50/96fa13be-e395-429b-8558-a51bb9054f50_105951_TABLET_LANDSCAPE_LARGE_16_9.jpg
rZ7HnEZ1AfOYvd,Four Winds Saturday,https://www.ticketweb.com/event/four-winds-saturday-icon-events-dada-gastropub-tickets/14830043,2026-08-22,14:00:00,2026-08-22T19:00:00Z,America/Chicago,offsale,Music,Alternative,Alternative,,Icon Events & Dada Gastropub,rZ7HnEZ178xxA,402 N. Main Ave.,Sioux Falls,South Dakota,SD,59104,US,43.551280,-96.728270,35.73,35.73,USD,https://s1.ticketm.net/dam/c/f50/96fa13be-e395-429b-8558-a51bb9054f50_105951_TABLET_LANDSCAPE_LARGE_16_9.jpg
rZ7HnEZ1AfOsrd,FOUR WINDS MUSIC FEST,https://www.ticketweb.com/event/four-winds-music-fest-icon-events-dada-gastropub-tickets/14831783,2026-08-21,17:00:00,2026-08-21T22:00:00Z,America/Chicago,onsale,Music,Alternative,Alternative,,Icon Events & Dada Gastropub,rZ7HnEZ178xxA,402 N. Main Ave.,Sioux Falls,South Dakota,SD,59104,US,43.551280,-96.728270,35.73,143.88,USD,https://s1.ticketm.net/dam/c/f50/96fa13be-e395-429b-8558-a51bb9054f50_105951_TABLET_LANDSCAPE_LARGE_16_9.jpg
rZ7HnEZ1AfOw7K,FOUR WINDS FEST RAPID CITY,https://www.ticketweb.com/event/four-winds-fest-rapid-city-707-nightlife-tickets/14832113,2026-08-21,19:00:00,2026-08-22T01:00:00Z,America/Denver,onsale,Music,Alternative,Alternative,,707 Nightlife,rZ7HnEZ17jzqS,707 Mountain View Rd,Rapid City,South Dakota,SD,57702,US,44.0800595,-103.252144,22.85,105.25,USD,https://s1.ticketm.net/dam/c/f50/96fa13be-e395-429b-8558-a51bb9054f50_105951_TABLET_LANDSCAPE_LARGE_16_9.jpg
rZ7HnEZ1AfPJaK,Brunch: Crash Taylor,https://www.ticketweb.com/event/brunch-crash-taylor-daryls-house-tickets/14966253,2026-08-22,12:00:00,2026-08-22T16:00:00Z,America/New_York,offsale,Music,Folk,Folk Rock,,Daryl's House,rZ7HnEZ171FA7,130 NY-22,Pawling,New York,NY,12564,US,41.534100,-73.584310,0.0,0.0,USD,https://s1.ticketm.net/dam/c/779/d4bc7e11-1b50-4aa4-a2be-0a21569f5779_106531_TABLET_LANDSCAPE_LARGE_16_9.jpg
rZ7HnEZ1AfZgJ7,Ladies Night & Noche Sonidera,https://www.ticketweb.com/event/ladies-night-noche-sonidera-la-rumba-tickets/14035984,2026-08-21,19:00:00,2026-08-22T01:00:00Z,America/Denver,onsale,Music,World,Latin,,La Rumba,rZ7HnEZ173pGP,99 W 9th Ave,Denver,Colorado,CO,80204,US,39.73059,-104.98857,14.13,14.13,USD,https://s1.ticketm.net/dam/c/548/5fefbd1c-973b-4b0e-9b2e-d78e4ce37548_106111_TABLET_LANDSCAPE_LARGE_16_9.jpg
rZ7HnEZ1AfaS_0,Mark Sherry (All Boat Long),https://www.ticketweb.ca/event/mark-sherry-all-boat-long-empire-sandy-tickets/14273664,2026-08-21,19:30:00,2026-08-21T23:30:00Z,America/Toronto,offsale,Music,Dance/Electronic,Trance,,Empire Sandy,rZ7HnEZ174guI,Harbour Tours - 437 Queens Quay West,Toronto,Ontario,ON,M5V 3T1,CA,43.637760,-79.391710,97.56,97.56,CAD,https://s1.ticketm.net/dam/c/df8/81eadad8-4449-412e-a2b1-3d8bbb78edf8_106181_TABLET_LANDSCAPE_LARGE_16_9.jpg
Z7r9jZ1A7JKj3,Anime NYC: 4 Day Pass,https://www.ticketmaster.com/event/Z7r9jZ1A7JKj3,2026-08-20,,,,onsale,Music,Other,Other,Anime NYC,Javits Convention Center,Z7r9jZakja,445 11th Ave,New York,New York,NY,10001,US,40.750000000,-73.996696000,,,,https://s1.ticketm.net/dam/c/060/c5c08e7a-9912-456c-a060-2758be94e060_105881_TABLET_LANDSCAPE_LARGE_16_9.jpg
ZFwVzcymWZ17kb7t,ivy Thursdays presents IVYCHELLA - 20th Aug,https://www.moshtix.com.au/v2/event/ivy-thursdays-presents-ivychella-20th-aug/198129,2026-08-20,21:00:00,2026-08-20T11:00:00Z,Australia/Sydney,offsale,Music,Dance/Electronic,Dance/Electronic,ivy Thursdays,ivy Sydney,KovZ917ARtW,330 George Street,Sydney,New South Wales,NSW,2000,AU,-33.86653696,151.20752289,,,,https://s1.ticketm.net/dam/c/df8/81eadad8-4449-412e-a2b1-3d8bbb78edf8_106181_TABLET_LANDSCAPE_LARGE_16_9.jpg
G5dVZ_1S6fhOl,"Sinfónica de Minería, Abono Sábados ""Temporada de verano"".",https://www.ticketmaster.com.mx/sinfonica-de-mineria-abono-sabados-temporada-mexico-04-07-2026/event/3D0064ACC751B82B,2026-07-04,,,America/Mexico_City,offsale,Music,Classical,Classical/Vocal,Sinfónica de Minería,Sala Silvestre Revueltas,KovZpZAEvekA,Periférico Sur #5141 Col. Isidro Fabela,México,Ciudad de México,CDMX,14030,MX,19.30254940,-99.17327880,,,,https://s1.ticketm.net/dam/a/1c1/3a717d4c-fcaf-451e-95ca-5d7cd90671c1_SOURCE
Z698xZbpZ16vOvuKbP,Anouk + Clouseau | Lockers Large,https://www.ticketmaster.nl/event/anouk--clouseau-%7C-lockers-large-tickets/1801353625?language=en-us,2026-06-27,,,Europe/Amsterdam,cancelled,Music,Other,Other,,Spoorpark LIVE,Z598xZbpZkA6e,Spoorpark 1,Tilburg,,,5038LS,NL,51.56166,5.0707,,,,https://s1.ticketm.net/dam/c/060/c5c08e7a-9912-456c-a060-2758be94e060_105881_TABLET_LANDSCAPE_LARGE_16_9.jpg
rZ7HnEZ1AfjOFN,BLUE FRIDAY SPECIAL! Entry to All Shows at the Blue Moon for 2026!,https://www.ticketweb.com/event/blue-friday-special-entry-to-blue-moon-saloon-tickets/14720223,2026-01-01,12:00:00,2026-01-01T18:00:00Z,America/Chicago,offsale,Music,World,World,,Blue Moon Saloon,rZ7HnEZ178s4g,215 E Convent St,Lafayette,Louisiana,LA,70501,US,30.220444,-92.016281,105.97,105.97,USD,https://s1.ticketm.net/dam/c/548/5fefbd1c-973b-4b0e-9b2e-d78e4ce37548_106111_TABLET_LANDSCAPE_LARGE_16_9.jpg
rZ7HnEZ1AfjOGS,I'm On the List! + 1 (Entry to all shows at the Blue Moon in 2026 for you and a guest and your first drink is on us!),https://www.ticketweb.com/event/im-on-the-list-blue-moon-saloon-tickets/14720333,2026-01-01,12:00:00,2026-01-01T18:00:00Z,America/Chicago,offsale,Music,World,World,,Blue Moon Saloon,rZ7HnEZ178s4g,215 E Convent St,Lafayette,Louisiana,LA,70501,US,30.220444,-92.016281,208.97,208.97,USD,https://s1.ticketm.net/dam/c/548/5fefbd1c-973b-4b0e-9b2e-d78e4ce37548_106111_TABLET_LANDSCAPE_LARGE_16_9.jpg
rZ7HnEZ1A4ZgGK,Buck Wild Line Dancing,https://www.ticketweb.com/event/buck-wild-line-dancing-diamondback-music-hall-tickets/15035313,2026-08-21,21:00:00,2026-08-22T01:00:00Z,America/New_York,offsale,Music,Country,Country,,Diamondback Music Hall,rZ7HnEZ17_apd,49345 S Interstate 94 Service Dr,Belleville,Michigan,MI,48111,US,42.2185947623,-83.5218059153,0.0,43.46,USD,https://s1.ticketm.net/dam/c/677/c58dd0af-cda8-49b2-bdaf-068540c3a677_106541_TABLET_LANDSCAPE_LARGE_16_9.jpg
LvZ18Q0XfPclfu5_WGoSu,Who Killed Marilyn?,https://www.universe.com/events/who-killed-marilyn-tickets-RG7KM0?ref=ticketmaster,2026-08-22,19:30:00,2026-08-22T18:30:00Z,Europe/London,offsale,,,,Marilyn; Theatre,,,,,,,,,,,,,,https://s1.ticketm.net/dam/c/07d/fda8c807-42eb-4b81-9f16-f3a8367e107d_106371_TABLET_LANDSCAPE_LARGE_16_9.jpg
